{"cameraMode":{"drawMode":0,"name":"Shaded","section":"Shading Mode"},"sceneLighting":true,"audioPlay":false,"sceneViewState":{"m_AlwaysRefresh":false,"showFog":true,"showSkybox":true,"showFlares":true,"showImageEffects":true,"showParticleSystems":true,"showVisualEffectGraphs":true,"m_FxEnabled":true},"in2DMode":false,"pivot":{"x":-15.800000190734864,"y":3.3399996757507326,"z":23.299999237060548},"rotation":{"x":0.0890030786395073,"y":0.8791983723640442,"z":-0.18133647739887238,"w":0.4315498471260071},"size":9.882962226867676,"orthographic":false}