{"cameraMode":{"drawMode":0,"name":"Shaded","section":"Shading Mode"},"sceneLighting":true,"audioPlay":false,"sceneViewState":{"m_AlwaysRefresh":false,"showFog":true,"showSkybox":false,"showFlares":true,"showImageEffects":true,"showParticleSystems":true,"showVisualEffectGraphs":true,"m_FxEnabled":true},"in2DMode":false,"pivot":{"x":-4.76837158203125e-7,"y":8.184999465942383,"z":1.5699999332427979},"rotation":{"x":0.12008574604988098,"y":0.41904696822166445,"z":-0.05602028965950012,"w":0.8982550501823425},"size":13.474016189575196,"orthographic":false}